city,neighbourhood,total_listings,avg_price_eur,median_price_eur,avg_reviews,avg_availability
London,Westminster,9586,248.69151888170248,161.0,19.299081994575424,147.7183392447319
London,Tower Hamlets,8240,105.45067354368932,82.8,18.72233009708738,114.11043689320388
London,Hackney,6275,110.13023107569721,86.25,14.762868525896414,75.68637450199203
London,Kensington and Chelsea,6018,249.858233632436,172.5,16.101362578929876,147.1488866733134
London,Camden,5971,166.09324233796684,115.0,22.002847094289063,124.25138167811087
London,Islington,5108,129.51998825371965,103.5,18.264095536413468,91.50743931088489
London,Southwark,4891,125.67658965446738,92.0,21.435289306890205,99.80433449192394
London,Lambeth,4853,106.8239336492891,80.5,23.172676694827942,89.74634246857615
London,Wandsworth,4272,134.7909293071161,97.75,14.384831460674157,93.32256554307116
London,Hammersmith and Fulham,4210,151.37305225653208,109.25,19.214726840855107,117.06033254156769
London,Brent,2561,107.05238188207733,69.0,17.316282702069504,129.88988676298322
London,Lewisham,2296,79.80228658536585,57.49999999999999,13.584494773519165,101.82839721254355
London,Haringey,2197,103.29062357760583,63.24999999999999,15.965862539827038,95.525261720528
London,Newham,1958,95.41182328907048,67.85,16.124106230847804,125.11082737487231
London,Ealing,1746,91.74444444444444,63.24999999999999,18.166093928980526,128.3327605956472
London,Barnet,1659,100.83884870403857,63.24999999999999,11.852320675105485,142.5310427968656
London,Greenwich,1653,99.62840290381125,74.75,14.880822746521476,134.4174228675136
London,Waltham Forest,1431,81.50695317959469,59.8,12.0,109.79734451432564
London,Merton,1357,124.78050847457627,79.35,10.185703758290346,109.97420781134856
London,Richmond upon Thames,1200,144.63933333333333,103.5,18.5725,117.28833333333333
London,Croydon,1105,73.01199095022625,51.74999999999999,12.141176470588235,150.6190045248869
London,Hounslow,1030,113.97058252427185,71.875,17.528155339805824,138.63980582524272
London,Redbridge,700,73.86614285714285,51.74999999999999,12.51,166.2757142857143
London,Bromley,679,73.89977908689248,57.49999999999999,10.910162002945508,156.71281296023565
London,Enfield,673,75.28655274888558,57.49999999999999,10.312035661218426,163.65973254086182
London,Hillingdon,668,73.56729041916167,56.35,20.88622754491018,171.8682634730539
London,Kingston upon Thames,555,89.90513513513513,63.24999999999999,14.473873873873874,117.27207207207208
London,Harrow,491,100.7081466395112,57.49999999999999,12.156822810590631,173.36048879837068
London,City of London,465,219.39032258064515,172.5,15.89247311827957,169.3483870967742
London,Barking and Dagenham,372,69.60900537634409,51.74999999999999,7.779569892473118,158.63440860215053
London,Sutton,306,98.17843137254901,51.74999999999999,14.261437908496733,139.7483660130719
London,Bexley,269,72.11226765799256,47.15,6.650557620817844,185.05947955390334
London,Havering,255,84.608431372549,51.74999999999999,8.870588235294118,182.40392156862745
Madrid,Embajadores,2317,139.71514889943893,59.0,49.08329736728528,147.58308157099697
Madrid,Universidad,1869,108.40342429106474,61.0,44.26431246655966,160.1246655965757
Madrid,Palacio,1505,101.41196013289037,67.0,40.796677740863785,157.87774086378738
Madrid,Sol,1124,128.47597864768684,75.0,55.62455516014235,163.80160142348754
Madrid,Justicia,951,108.27549947423765,70.0,39.94006309148265,163.23659305993692
Madrid,Cortes,880,196.07272727272726,74.0,50.50340909090909,178.98295454545453
Madrid,Trafalgar,371,121.21024258760107,65.0,13.857142857142858,162.36927223719675
Madrid,Palos de Moguer,337,160.14243323442136,50.0,42.01186943620178,148.46884272997033
Madrid,Goya,296,180.75675675675674,81.5,25.070945945945947,150.90878378378378
Madrid,Argüelles,281,102.98932384341637,65.0,19.790035587188612,147.79715302491104
Madrid,Puerta del Angel,273,94.56776556776556,41.0,24.073260073260073,146.28937728937728
Madrid,Recoletos,272,161.58455882352942,110.5,18.878676470588236,158.40073529411765
Madrid,Guindalera,253,118.86166007905139,68.0,17.8102766798419,149.79841897233203
Madrid,Arapiles,221,109.289592760181,40.0,13.497737556561086,162.45701357466064
Madrid,Delicias,221,169.21719457013575,45.0,30.823529411764707,118.85972850678733
Madrid,San Diego,219,79.48858447488584,37.0,20.506849315068493,206.58904109589042
Madrid,Gaztambide,218,82.44954128440367,44.5,14.486238532110091,149.24311926605503
Madrid,Pacífico,218,127.75688073394495,50.0,30.486238532110093,137.26605504587155
Madrid,Cuatro Caminos,213,108.07511737089202,58.0,18.75586854460094,157.42723004694835
Madrid,Castellana,198,145.57575757575756,98.0,15.545454545454545,162.1060606060606
Madrid,Numancia,183,54.60109289617486,35.0,19.136612021857925,176.47540983606558
Madrid,Ibiza,182,153.86263736263737,66.0,28.04945054945055,160.8901098901099
Madrid,Rios Rosas,182,109.55494505494505,61.0,20.032967032967033,176.63186813186815
Madrid,Ventas,177,86.25988700564972,35.0,19.2090395480226,132.03954802259886
Madrid,Lista,176,127.73863636363636,63.0,15.380681818181818,162.7840909090909
Madrid,Almagro,172,140.8081395348837,88.5,16.273255813953487,146.07558139534885
Madrid,Acacias,170,156.1764705882353,45.0,30.223529411764705,104.88235294117646
Madrid,Prosperidad,167,85.8622754491018,58.0,13.736526946107784,140.10778443113773
Madrid,San Isidro,160,74.41875,40.0,14.35,166.6625
Madrid,Bellas Vistas,155,86.76774193548387,52.0,22.883870967741935,142.69677419354838
Madrid,Chopera,152,71.24342105263158,41.5,28.973684210526315,125.95394736842105
Madrid,Pueblo Nuevo,150,106.98666666666666,31.0,13.94,167.28666666666666
Madrid,Imperial,141,140.79432624113474,50.0,22.75886524822695,148.43971631205673
Madrid,Castillejos,137,170.3065693430657,60.0,18.37956204379562,125.5912408759124
Madrid,Fuente del Berro,127,189.40944881889763,55.0,12.543307086614174,146.75590551181102
Madrid,Simancas,124,311.75,80.0,23.346774193548388,153.16129032258064
Madrid,Vista Alegre,120,47.74166666666667,33.5,14.316666666666666,167.325
Madrid,Opañel,117,64.16239316239316,45.0,22.512820512820515,192.7863247863248
Madrid,Valdeacederas,114,99.89473684210526,37.0,12.298245614035087,188.48245614035088
Madrid,Quintana,113,90.1858407079646,35.0,23.849557522123895,171.50442477876106
Madrid,Berruguete,110,160.73636363636365,50.0,19.972727272727273,166.56363636363636
Madrid,Jerónimos,107,113.92523364485982,82.0,37.822429906542055,164.0467289719626
Madrid,Comillas,105,172.16190476190476,39.0,24.228571428571428,152.5142857142857
Madrid,Valdefuentes,105,220.82857142857142,85.0,15.790476190476191,162.61904761904762
Madrid,El Viso,101,154.54455445544554,84.0,12.851485148514852,161.11881188118812
Madrid,Valverde,98,82.5,49.5,13.03061224489796,166.08163265306123
Madrid,Canillas,93,68.51612903225806,39.0,28.688172043010752,176.41935483870967
Madrid,Casa de Campo,93,169.38709677419354,52.0,22.204301075268816,170.88172043010752
Madrid,Ciudad Jardín,93,144.4731182795699,57.0,12.13978494623656,166.44086021505376
Madrid,Adelfas,92,55.391304347826086,47.0,16.32608695652174,175.5108695652174
Madrid,Aluche,91,41.61538461538461,25.0,11.142857142857142,177.6813186813187
Madrid,Hispanoamérica,90,120.61111111111111,72.5,21.166666666666668,201.0
Madrid,Casco Histórico de Vallecas,89,75.23595505617978,39.0,16.820224719101123,179.34831460674158
Madrid,Lucero,89,447.6741573033708,30.0,13.382022471910112,137.8876404494382
Madrid,Puerta Bonita,89,87.10112359550561,32.0,9.573033707865168,180.79775280898878
Madrid,Pinar del Rey,88,93.01136363636364,45.0,22.556818181818183,150.11363636363637
Madrid,Vallehermoso,88,152.14772727272728,52.5,8.431818181818182,152.4659090909091
Madrid,Almenara,87,101.52873563218391,55.0,29.275862068965516,183.5287356321839
Madrid,Moscardó,85,46.68235294117647,30.0,16.694117647058825,150.76470588235293
Madrid,Rejas,84,180.9047619047619,59.5,20.75,151.53571428571428
Madrid,Palomeras Bajas,82,159.390243902439,30.5,17.548780487804876,200.91463414634146
Madrid,Rosas,80,428.275,275.0,5.3125,188.0625
Madrid,Ciudad Universitaria,79,140.1012658227848,55.0,6.405063291139241,144.74683544303798
Madrid,Concepción,79,88.35443037974683,40.0,27.49367088607595,150.74683544303798
Madrid,Canillejas,77,495.1818181818182,200.0,8.818181818181818,169.64935064935065
Madrid,Buenavista,70,96.3,40.0,6.128571428571429,188.3
Madrid,Nueva España,69,102.0,75.0,23.507246376811594,203.47826086956522
Madrid,Peñagrande,63,180.06349206349208,50.0,13.126984126984127,157.1904761904762
Madrid,Cármenes,61,121.98360655737704,43.0,9.311475409836065,143.47540983606558
Madrid,Castilla,60,68.58333333333333,50.0,26.816666666666666,149.76666666666668
Madrid,Pilar,60,101.33333333333333,36.0,12.066666666666666,156.63333333333333
Madrid,Arcos,59,372.64406779661016,66.0,13.389830508474576,214.52542372881356
Madrid,Timón,59,97.94915254237289,40.0,35.91525423728814,129.89830508474577
Madrid,Los Rosales,57,50.280701754385966,25.0,15.263157894736842,144.1578947368421
Madrid,Almendrales,56,79.30357142857143,37.5,17.071428571428573,167.82142857142858
Madrid,Legazpi,54,69.29629629629629,50.0,37.833333333333336,137.12962962962962
Madrid,Aguilas,53,66.15094339622641,40.0,5.283018867924528,171.33962264150944
Madrid,Valdezarza,51,81.50980392156863,45.0,16.294117647058822,177.19607843137254
Madrid,Alameda de Osuna,50,205.8,55.5,74.88,135.04
Madrid,San Andrés,50,494.42,26.0,7.58,136.86
Madrid,Casco Histórico de Vicálvaro,49,137.46938775510205,41.0,12.306122448979592,174.0612244897959
Madrid,Entrevías,48,56.270833333333336,30.0,20.770833333333332,199.125
Madrid,Abrantes,47,57.38297872340426,30.0,14.829787234042554,197.93617021276594
Madrid,Palomeras Sureste,45,65.6,26.0,8.666666666666666,168.42222222222222
Madrid,Fontarrón,44,65.13636363636364,25.0,13.068181818181818,127.72727272727273
Madrid,Niño Jesús,44,194.86363636363637,87.0,21.931818181818183,179.54545454545453
Madrid,Costillares,41,104.3170731707317,50.0,13.926829268292684,193.14634146341464
Madrid,San Pascual,41,210.97560975609755,45.0,11.560975609756097,141.8048780487805
Madrid,Mirasierra,40,112.575,64.0,8.675,167.35
Madrid,Portazgo,40,53.875,25.0,11.45,197.55
Madrid,Aravaca,39,70.2051282051282,41.0,21.128205128205128,190.28205128205127
Madrid,Casco Histórico de Barajas,38,70.8157894736842,48.0,84.39473684210526,170.57894736842104
Madrid,Pradolongo,37,96.5945945945946,36.0,2.972972972972973,174.45945945945945
Madrid,Los Angeles,33,75.51515151515152,25.0,29.939393939393938,128.84848484848484
Madrid,Orcasur,32,325.8125,25.0,16.125,167.0
Madrid,San Juan Bautista,32,172.8125,80.0,11.34375,130.3125
Madrid,Hellín,31,484.6774193548387,300.0,6.935483870967742,202.0
Madrid,La Paz,31,120.45161290322581,49.0,10.32258064516129,170.48387096774192
Madrid,Piovera,31,218.51612903225808,76.0,60.96774193548387,202.80645161290323
Madrid,San Fermín,29,49.89655172413793,39.0,27.448275862068964,213.75862068965517
Madrid,Atocha,28,80.21428571428571,70.0,113.10714285714286,196.5
Madrid,Palomas,26,151.30769230769232,69.0,15.961538461538462,206.80769230769232
Madrid,Salvador,26,148.69230769230768,41.0,17.884615384615383,203.1153846153846
Madrid,Zofío,26,46.46153846153846,28.5,13.076923076923077,173.57692307692307
Madrid,Campamento,25,95.88,25.0,13.16,207.8
Madrid,Marroquina,24,177.125,50.0,11.291666666666666,152.45833333333334
Madrid,Ambroz,23,141.95652173913044,34.0,8.956521739130435,208.2173913043478
Madrid,Media Legua,23,90.65217391304348,49.0,9.73913043478261,105.78260869565217
Madrid,Apostol Santiago,21,95.95238095238095,36.0,17.19047619047619,148.85714285714286
Madrid,Estrella,20,49.85,34.0,12.75,106.1
Madrid,San Cristobal,20,59.1,25.0,20.9,158.35
Madrid,Butarque,17,35.94117647058823,28.0,15.529411764705882,116.58823529411765
Madrid,Vinateros,17,70.17647058823529,35.0,18.764705882352942,149.47058823529412
Madrid,Amposta,16,209.875,35.0,4.5625,204.75
Madrid,Cuatro Vientos,16,47.0,38.0,10.6875,208.6875
Madrid,Colina,15,94.4,50.0,22.333333333333332,153.66666666666666
Madrid,El Goloso,15,158.66666666666666,66.0,6.6,119.46666666666667
Madrid,Orcasitas,15,75.4,27.0,16.6,140.33333333333334
Madrid,Corralejos,14,100.42857142857143,64.0,59.785714285714285,172.92857142857142
Madrid,Aeropuerto,11,40.72727272727273,33.0,15.0,205.0
Madrid,Santa Eugenia,9,80.66666666666667,45.0,22.333333333333332,136.11111111111111
Madrid,Pavones,7,49.142857142857146,32.0,1.8571428571428572,77.0
Madrid,El Plantío,6,99.66666666666667,71.0,18.666666666666668,178.16666666666666
Madrid,Fuentelareina,5,86.0,100.0,1.2,181.6
Madrid,Valdemarín,5,72.0,60.0,0.4,72.8
Madrid,El Pardo,3,195.0,49.0,19.0,30.0
Madrid,Horcajo,2,43.0,43.0,0.5,182.5
Madrid,Atalaya,1,39.0,39.0,0.0,106.0
Milan,BUENOS AIRES - VENEZIA,1373,111.72469045884924,80.0,30.326292789512017,154.66351056081572
Milan,DUOMO,1003,191.32901296111666,120.0,33.61714855433699,155.63908275174475
Milan,NAVIGLI,875,124.12457142857143,80.0,27.50857142857143,158.85714285714286
Milan,SARPI,806,116.49751861042184,80.0,26.33995037220844,148.79652605459057
Milan,TICINESE,749,119.7716955941255,80.0,30.671562082777037,140.0694259012016
Milan,LORETO,725,76.37379310344828,60.0,23.423448275862068,149.26620689655172
Milan,BRERA,713,255.18513323983169,120.0,31.131837307152875,141.92145862552596
Milan,CENTRALE,689,109.93468795355588,72.0,40.16690856313498,180.50072568940493
Milan,ISOLA,644,108.5776397515528,75.0,29.343167701863354,145.44875776397515
Milan,XXII MARZO,584,132.21917808219177,80.0,19.20719178082192,149.76712328767124
Milan,CITTA' STUDI,461,80.31887201735358,60.0,20.546637744034708,141.27982646420824
Milan,TORTONA,460,123.1304347826087,80.0,14.934782608695652,153.66739130434783
Milan,MAGENTA - S. VITTORE,415,149.2313253012048,100.0,24.416867469879517,142.49879518072288
Milan,PORTA ROMANA,381,97.66404199475066,77.0,25.72965879265092,138.75590551181102
Milan,WASHINGTON,362,104.47790055248619,80.0,21.696132596685082,160.29834254143645
Milan,GUASTALLA,348,179.66379310344828,98.5,22.46551724137931,153.67241379310346
Milan,PADOVA,327,72.6697247706422,54.0,18.779816513761467,160.00305810397555
Milan,BANDE NERE,326,91.83128834355828,60.0,14.677914110429448,178.73006134969324
Milan,VILLAPIZZONE,325,83.45846153846153,55.0,23.16,156.2276923076923
Milan,GIAMBELLINO,321,106.18380062305296,60.0,13.429906542056075,150.79439252336448
Milan,LODI - CORVETTO,314,113.88535031847134,59.0,16.630573248407643,146.94267515923568
Milan,DE ANGELI - MONTE ROSA,305,96.54426229508196,79.0,18.537704918032787,139.59344262295082
Milan,STADERA,275,67.2,50.0,18.152727272727272,166.36
Milan,TIBALDI,273,88.71794871794872,66.0,20.564102564102566,158.3919413919414
Milan,S. CRISTOFORO,271,101.39114391143912,69.0,20.328413284132843,167.85977859778598
Milan,VIGENTINA,267,111.52059925093633,75.0,18.359550561797754,137.8614232209738
Milan,MACIACHINI - MAGGIOLINA,265,90.28301886792453,64.0,33.845283018867924,145.1056603773585
Milan,DERGANO,247,73.4251012145749,55.0,21.238866396761132,161.60323886639677
Milan,UMBRIA - MOLISE,247,84.38866396761134,65.0,19.178137651821864,147.72874493927125
Milan,GHISOLFA,243,85.32921810699588,65.0,12.831275720164609,147.08641975308643
Milan,GARIBALDI REPUBBLICA,226,137.36725663716814,90.0,25.371681415929203,146.7566371681416
Milan,VIALE MONZA,216,73.15277777777777,57.0,19.47222222222222,163.86111111111111
Milan,CORSICA,204,85.43627450980392,62.0,15.21078431372549,142.99019607843138
Milan,PAGANO,199,133.9246231155779,91.0,20.01005025125628,162.2211055276382
Milan,BOVISA,186,100.58602150537635,54.0,24.22043010752688,134.90322580645162
Milan,PARCO LAMBRO - CIMIANO,160,67.3375,58.0,10.6375,182.9875
Milan,SELINUNTE,147,84.68707482993197,69.0,19.448979591836736,155.47619047619048
Milan,AFFORI,145,80.4,54.0,12.23448275862069,174.1793103448276
Milan,SCALO ROMANA,137,99.03649635036497,60.0,12.802919708029197,159.76642335766422
Milan,NIGUARDA - CA' GRANDA,133,62.142857142857146,50.0,16.458646616541355,144.22556390977442
Milan,GRECO,131,87.19083969465649,55.0,22.786259541984734,178.61832061068702
Milan,GALLARATESE,123,77.51219512195122,55.0,18.617886178861788,156.5528455284553
Milan,LAMBRATE,117,97.74358974358974,65.0,14.025641025641026,132.03418803418805
Milan,EX OM - MORIVIONE,105,94.87619047619047,70.0,8.238095238095237,140.03809523809525
Milan,RIPAMONTI,103,71.7864077669903,60.0,22.825242718446603,115.83495145631068
Milan,RONCHETTO SUL NAVIGLIO,96,73.90625,55.0,10.541666666666666,157.08333333333334
Milan,PORTELLO,94,203.11702127659575,80.0,21.659574468085108,143.96808510638297
Milan,S. SIRO,94,110.54255319148936,70.0,19.01063829787234,129.14893617021278
Milan,FARINI,88,116.42045454545455,70.0,13.784090909090908,167.70454545454547
Milan,MECENATE,88,69.2840909090909,55.0,20.704545454545453,184.6931818181818
Milan,MAGGIORE - MUSOCCO,66,57.196969696969695,53.0,15.833333333333334,135.1969696969697
Milan,QUARTO OGGIARO,66,59.57575757575758,50.0,19.045454545454547,142.63636363636363
Milan,LORENTEGGIO,64,62.875,51.5,10.203125,165.0
Milan,FORZE ARMATE,55,64.81818181818181,50.0,25.581818181818182,172.23636363636365
Milan,ADRIANO,51,93.74509803921569,50.0,19.15686274509804,127.80392156862744
Milan,BICOCCA,47,57.297872340425535,59.0,16.95744680851064,173.87234042553192
Milan,BAGGIO,46,50.891304347826086,45.0,12.108695652173912,163.7608695652174
Milan,BARONA,45,64.15555555555555,45.0,9.28888888888889,198.35555555555555
Milan,ORTOMERCATO,43,137.4418604651163,58.0,13.930232558139535,172.46511627906978
Milan,PARCO FORLANINI - ORTICA,43,80.62790697674419,50.0,22.813953488372093,128.27906976744185
Milan,BRUZZANO,41,51.707317073170735,36.0,16.78048780487805,150.4878048780488
Milan,QT 8,38,90.44736842105263,65.5,23.894736842105264,170.76315789473685
Milan,GRATOSOGLIO - TICINELLO,35,82.57142857142857,45.0,23.114285714285714,165.82857142857142
Milan,ROGOREDO,35,76.25714285714285,73.0,6.6,172.0
Milan,COMASINA,28,116.25,60.5,10.357142857142858,240.57142857142858
Milan,QUARTO CAGNINO,26,85.73076923076923,52.5,7.269230769230769,122.1923076923077
Milan,PARCO SEMPIONE,24,128.125,92.5,56.916666666666664,144.125
Milan,TRE TORRI,24,468.1666666666667,125.0,10.208333333333334,137.375
Milan,PARCO MONLUE' - PONTE LAMBRO,21,63.38095238095238,51.0,14.952380952380953,225.95238095238096
Milan,GIARDINI PORTA VENEZIA,20,241.7,90.5,33.25,185.05
Milan,QUINTO ROMANO,15,66.86666666666666,50.0,5.666666666666667,178.66666666666666
Milan,TRENNO,13,62.61538461538461,59.0,9.153846153846153,91.61538461538461
Milan,TRIULZO SUPERIORE,13,54.30769230769231,40.0,12.307692307692308,155.23076923076923
Milan,PARCO DELLE ABBAZIE,11,58.09090909090909,54.0,12.818181818181818,233.9090909090909
Milan,BOVISASCA,10,55.2,50.0,23.9,224.2
Milan,PARCO DEI NAVIGLI,9,73.33333333333333,70.0,4.555555555555555,285.22222222222223
Milan,PARCO AGRICOLO SUD,8,286.0,105.0,7.75,168.625
Milan,CANTALUPA,7,77.85714285714286,39.0,6.142857142857143,149.85714285714286
Milan,FIGINO,6,56.5,55.0,19.666666666666668,189.33333333333334
Milan,SACCO,6,213.33333333333334,115.0,3.6666666666666665,361.3333333333333
Milan,STEPHENSON,5,127.8,138.0,0.0,313.0
Milan,CHIARAVALLE,4,105.75,107.5,0.75,179.25
Milan,PARCO BOSCO IN CITT,4,57.0,47.0,11.25,187.5
Milan,PARCO NORD,3,78.33333333333333,50.0,4.333333333333333,242.33333333333334
Milan,MUGGIANO,2,60.0,60.0,5.5,248.0
Milan,CASCINA TRIULZA - EXPO,1,209.0,209.0,0.0,336.0
Milan,QUINTOSOLE,1,41.0,41.0,31.0,2.0
New_York,Williamsburg,3919,132.33233988262313,96.6,21.797397295228375,74.7231436590967
New_York,Bedford-Stuyvesant,3710,99.1707924528302,73.60000000000001,29.667924528301885,116.58301886792452
New_York,Harlem,2658,109.45611738148983,81.88000000000001,28.578630549285176,106.57750188111362
New_York,Bushwick,2462,78.11143785540212,59.8,21.32047116165719,95.47562956945573
New_York,Upper West Side,1971,194.04485032978184,138.0,18.294266869609334,96.58346017250126
New_York,Hell's Kitchen,1958,188.41064351378958,154.56,25.652196118488252,138.8467824310521
New_York,East Village,1853,171.19645979492714,138.0,24.10685375067458,74.62385321100918
New_York,Upper East Side,1798,173.83241379310346,137.08,17.622914349276975,112.79810901001112
New_York,Crown Heights,1564,103.48176470588236,78.2,23.278772378516624,96.02046035805627
New_York,Midtown,1545,260.10156634304207,193.2,12.585113268608414,157.70355987055015
New_York,East Harlem,1117,122.54284691136975,91.08,32.628469113697406,98.97314234556849
New_York,Greenpoint,1114,133.35622980251347,109.48,17.429982046678635,79.14811490125673
New_York,Chelsea,1113,229.75946091644204,183.08,21.240790655884997,113.99550763701707
New_York,Lower East Side,911,171.40781558726673,127.88,26.521405049396268,97.16575192096597
New_York,Astoria,900,107.81275555555555,78.2,21.455555555555556,109.19111111111111
New_York,Washington Heights,899,82.44182424916573,66.24000000000001,19.088987764182423,98.9321468298109
New_York,West Village,768,246.26770833333333,184.0,19.381510416666668,85.45963541666667
New_York,Financial District,744,207.4513440860215,184.0,9.315860215053764,191.53629032258064
New_York,Flatbush,621,84.83555555555556,66.24000000000001,20.59098228663446,94.48470209339774
New_York,Clinton Hill,572,167.3418881118881,110.4,25.5,95.01398601398601
New_York,Long Island City,537,117.26830540037244,91.08,22.823091247672252,118.25698324022346
New_York,Prospect-Lefferts Gardens,535,101.56971962616824,73.60000000000001,26.263551401869158,95.11028037383177
New_York,Park Slope,506,162.20727272727274,133.4,28.92885375494071,88.78656126482214
New_York,East Flatbush,500,95.88424,69.0,24.896,180.944
New_York,Fort Greene,489,139.26429447852763,119.6,21.69325153374233,90.14928425357873
New_York,Murray Hill,484,203.70206611570248,174.8,9.369834710743802,173.6797520661157
New_York,Kips Bay,470,186.21582978723404,139.84,12.419148936170213,121.71702127659574
New_York,Flushing,426,86.03295774647887,59.8,34.78403755868545,166.2511737089202
New_York,Ridgewood,423,71.00964539007093,55.2,18.38770685579196,114.42553191489361
New_York,Greenwich Village,392,242.33316326530613,181.7,16.647959183673468,82.05102040816327
New_York,Sunset Park,390,103.99774358974359,73.60000000000001,20.21025641025641,106.64102564102564
New_York,Chinatown,368,148.57750000000001,118.68,27.01358695652174,90.7961956521739
New_York,Sunnyside,363,78.07581267217631,69.0,22.231404958677686,125.70798898071625
New_York,SoHo,358,264.1350837988827,183.08,20.20949720670391,110.35754189944134
New_York,Prospect Heights,357,159.5027450980392,114.08,30.462184873949578,77.51540616246498
New_York,Morningside Heights,346,105.60057803468209,90.62,13.291907514450868,43.054913294797686
New_York,Gramercy,338,204.9340828402367,151.8,22.727810650887573,94.5266272189349
New_York,Ditmars Steinway,309,87.42679611650486,72.68,25.411003236245953,117.7378640776699
New_York,Theater District,288,228.17277777777775,174.8,15.07638888888889,201.87152777777777
New_York,South Slope,284,134.98732394366198,124.2,36.63732394366197,83.7605633802817
New_York,Nolita,253,211.72727272727272,164.68,22.268774703557312,69.81027667984189
New_York,Inwood,252,81.78507936507937,71.30000000000001,18.61111111111111,98.54761904761905
New_York,Gowanus,247,146.09748987854252,118.68,31.210526315789473,122.7165991902834
New_York,Elmhurst,237,74.0231223628692,54.28,23.434599156118143,128.39662447257385
New_York,Woodside,235,78.29004255319148,55.2,21.425531914893618,130.21702127659574
New_York,Carroll Gardens,233,161.84103004291845,138.0,25.30901287553648,71.6695278969957
New_York,Jamaica,231,88.10891774891775,64.4,42.900432900432904,188.5064935064935
New_York,East New York,218,78.59247706422018,69.0,31.004587155963304,186.53669724770643
New_York,Jackson Heights,186,74.42602150537634,63.019999999999996,27.20967741935484,150.27956989247312
New_York,East Elmhurst,185,74.68908108108108,55.2,81.65945945945946,169.4918918918919
New_York,Boerum Hill,177,162.04474576271187,138.0,24.26553672316384,77.27118644067797
New_York,Tribeca,177,451.38734463276836,271.40000000000003,11.491525423728813,126.50847457627118
New_York,Kensington,175,85.45485714285715,64.4,16.982857142857142,83.94857142857143
New_York,Sheepshead Bay,164,97.31243902439024,59.8,19.890243902439025,160.53658536585365
New_York,Windsor Terrace,157,127.87414012738854,113.16,27.54140127388535,81.88535031847134
New_York,Brooklyn Heights,154,192.33974025974027,138.0,16.59090909090909,66.03896103896103
New_York,Canarsie,147,96.01795918367347,78.2,36.31292517006803,223.87074829931973
New_York,Forest Hills,144,111.89500000000001,73.60000000000001,22.291666666666668,127.73611111111111
New_York,Bay Ridge,141,132.87801418439716,78.2,18.56737588652482,142.9290780141844
New_York,Borough Park,136,58.02088235294118,49.22,16.41176470588235,168.3235294117647
New_York,Cypress Hills,135,118.5914074074074,62.56,33.2,168.4962962962963
New_York,Little Italy,121,204.300826446281,138.0,23.132231404958677,100.33884297520662
New_York,Maspeth,110,76.95381818181818,59.8,22.636363636363637,187.5090909090909
New_York,Midwood,109,73.91229357798166,69.0,15.18348623853211,97.81651376146789
New_York,Rego Park,106,77.16716981132076,61.64,25.9811320754717,133.56603773584905
New_York,Cobble Hill,99,194.9749494949495,143.52,29.171717171717173,63.21212121212121
New_York,Richmond Hill,94,80.14765957446808,59.8,34.361702127659576,194.93617021276594
New_York,Woodhaven,88,61.79681818181818,47.84,31.727272727272727,200.92045454545453
New_York,Springfield Gardens,85,86.69647058823529,73.60000000000001,69.09411764705882,204.01176470588234
New_York,Downtown Brooklyn,83,138.32144578313253,124.2,14.313253012048193,39.48192771084337
New_York,Flatlands,83,116.3190361445783,78.2,22.156626506024097,197.24096385542168
New_York,Flatiron District,80,314.571,207.0,17.7375,123.05
New_York,Red Hook,79,131.97924050632912,107.64,28.645569620253166,96.20253164556962
New_York,NoHo,78,272.0605128205128,230.0,12.743589743589743,101.82051282051282
New_York,Arverne,77,158.03688311688313,115.0,29.25974025974026,188.42857142857142
New_York,Roosevelt Island,77,104.19896103896103,73.60000000000001,15.766233766233766,72.58441558441558
New_York,St. Albans,76,92.76263157894736,56.58,34.0,225.97368421052633
New_York,Bensonhurst,75,69.72373333333333,69.0,24.6,134.84
New_York,Brighton Beach,75,121.37866666666666,78.2,17.96,170.86666666666667
New_York,Two Bridges,72,116.90388888888889,100.74000000000001,29.569444444444443,86.23611111111111
New_York,Battery Park City,70,338.15257142857143,179.4,8.285714285714286,100.32857142857142
New_York,Kingsbridge,70,71.69428571428573,64.4,20.5,157.94285714285715
New_York,Gravesend,68,72.6935294117647,64.4,19.647058823529413,130.19117647058823
New_York,Corona,64,54.438125,36.8,28.21875,244.171875
New_York,Fordham,63,63.888888888888886,55.2,15.174603174603174,143.55555555555554
New_York,Longwood,62,84.5658064516129,69.0,26.661290322580644,154.2258064516129
New_York,Ozone Park,62,78.45225806451613,69.0,24.387096774193548,153.83870967741936
New_York,Brownsville,61,70.34229508196721,57.04,31.34426229508197,121.32786885245902
New_York,Mott Haven,60,81.80333333333333,68.08,42.36666666666667,146.93333333333334
New_York,Queens Village,60,77.21866666666666,69.0,35.78333333333333,166.43333333333334
New_York,Rosedale,59,70.55932203389831,59.8,28.35593220338983,177.94915254237287
New_York,Briarwood,56,97.405,65.78,22.267857142857142,177.92857142857142
New_York,Rockaway Beach,56,121.60428571428572,115.0,24.25,162.42857142857142
New_York,Fort Hamilton,55,86.31272727272727,82.8,13.545454545454545,151.0
New_York,Glendale,54,83.5325925925926,77.28,27.01851851851852,147.27777777777777
New_York,Civic Center,52,176.58692307692309,155.48000000000002,12.25,68.26923076923077
New_York,Concourse,50,79.2856,74.52000000000001,32.86,160.04
New_York,Wakefield,50,78.73360000000001,55.2,25.58,197.7
New_York,St. George,48,108.69416666666666,88.32000000000001,41.395833333333336,191.75
New_York,Port Morris,46,73.5,57.5,20.608695652173914,152.17391304347825
New_York,Allerton,42,80.58761904761906,61.18000000000001,42.92857142857143,163.66666666666666
New_York,Columbia St,42,149.91619047619048,121.9,16.30952380952381,69.0952380952381
New_York,Tompkinsville,42,70.0952380952381,57.5,57.142857142857146,209.42857142857142
New_York,South Ozone Park,40,75.808,63.48,48.675,226.1
New_York,Williamsbridge,40,89.01,58.879999999999995,28.45,224.45
New_York,Bayside,39,145.3128205128205,59.8,23.794871794871796,189.92307692307693
New_York,Parkchester,39,63.550769230769234,50.6,23.358974358974358,140.43589743589743
New_York,Stuyvesant Town,37,155.57945945945949,105.8,8.162162162162161,65.10810810810811
New_York,DUMBO,36,180.60111111111112,173.88,38.388888888888886,114.47222222222223
New_York,Vinegar Hill,34,172.20235294117649,161.0,16.029411764705884,79.52941176470588
New_York,Concourse Village,32,67.87875,59.8,25.21875,159.53125
New_York,Fresh Meadows,32,91.54,66.24,32.65625,137.96875
New_York,Kew Gardens,32,81.30499999999999,62.1,10.375,201.15625
New_York,Middle Village,31,100.81419354838711,91.08,34.03225806451613,211.0
New_York,Norwood,31,69.50451612903225,53.36,16.741935483870968,154.29032258064515
New_York,Far Rockaway,29,152.59310344827585,57.96,12.89655172413793,165.86206896551724
New_York,Claremont Village,28,80.46714285714286,63.02,12.5,179.67857142857142
New_York,Pelham Gardens,28,86.11857142857143,69.0,40.714285714285715,146.35714285714286
New_York,Highbridge,27,65.42222222222223,64.4,48.81481481481482,158.55555555555554
New_York,Stapleton,27,91.04592592592591,69.0,38.370370370370374,215.62962962962962
New_York,Cambria Heights,26,75.1923076923077,55.2,18.653846153846153,144.1153846153846
New_York,Concord,26,53.53692307692308,31.740000000000002,24.923076923076923,255.57692307692307
New_York,Kew Gardens Hills,26,103.32307692307693,85.1,12.73076923076923,124.61538461538461
New_York,Belmont,24,70.955,48.3,12.333333333333334,187.66666666666666
New_York,Throgs Neck,24,83.75833333333334,68.53999999999999,32.041666666666664,175.79166666666666
New_York,Arrochar,21,105.80000000000001,59.8,14.619047619047619,255.8095238095238
New_York,Clason Point,21,103.74095238095238,73.60000000000001,15.047619047619047,231.28571428571428
New_York,University Heights,21,64.00571428571429,50.6,37.095238095238095,135.28571428571428
New_York,Howard Beach,20,106.168,92.0,13.6,208.5
New_York,Mount Hope,20,71.3,55.2,21.75,155.65
New_York,Bronxdale,19,52.53684210526316,46.0,24.105263157894736,145.42105263157896
New_York,College Point,19,80.96,55.2,23.105263157894736,141.6315789473684
New_York,Jamaica Estates,19,168.31157894736842,124.2,31.36842105263158,171.31578947368422
New_York,Randall Manor,19,309.12,72.68,18.0,275.2105263157895
New_York,City Island,18,159.16,89.7,42.166666666666664,131.22222222222223
New_York,Hunts Point,18,46.46,36.8,9.777777777777779,239.16666666666666
New_York,Laurelton,18,87.70666666666666,69.0,29.333333333333332,184.61111111111111
New_York,Morrisania,18,76.7688888888889,67.62,10.333333333333334,135.5
New_York,West Brighton,18,74.11111111111111,63.94,36.44444444444444,274.72222222222223
New_York,Bath Beach,17,75.2235294117647,63.48,21.352941176470587,196.11764705882354
New_York,Bayswater,17,80.47294117647058,64.4,11.235294117647058,207.35294117647058
New_York,Coney Island,17,113.80941176470589,92.0,21.941176470588236,163.23529411764707
New_York,Morris Heights,17,70.78588235294119,46.92,27.352941176470587,198.23529411764707
New_York,Pelham Bay,17,96.60000000000001,81.88000000000001,26.0,201.64705882352942
New_York,Clifton,15,78.13866666666667,69.0,47.2,189.4
New_York,Morris Park,15,63.78666666666667,55.2,18.066666666666666,126.0
New_York,Soundview,15,49.18933333333334,45.080000000000005,29.4,133.66666666666666
New_York,Bellerose,14,91.40857142857143,78.2,8.428571428571429,242.85714285714286
New_York,Hollis,14,81.55142857142857,71.30000000000001,11.714285714285714,145.78571428571428
New_York,Navy Yard,14,139.51142857142858,138.0,17.928571428571427,48.92857142857143
New_York,Eastchester,13,130.35692307692307,69.0,12.076923076923077,333.46153846153845
New_York,Edenwald,13,75.44,69.0,15.384615384615385,213.46153846153845
New_York,Schuylerville,13,63.69230769230769,59.8,32.53846153846154,143.23076923076923
New_York,Dyker Heights,12,85.94333333333333,75.9,34.583333333333336,144.75
New_York,Fieldston,12,69.07666666666667,61.64,12.166666666666666,143.75
New_York,Marble Hill,12,82.03333333333333,70.38,14.0,114.66666666666667
New_York,Edgemere,11,87.1490909090909,59.8,10.272727272727273,275.27272727272725
New_York,Riverdale,11,406.7236363636364,138.0,26.636363636363637,160.8181818181818
New_York,Tremont,11,47.42181818181818,37.72,20.636363636363637,119.0
New_York,Van Nest,11,104.71272727272726,46.0,18.727272727272727,156.36363636363637
New_York,Whitestone,11,98.94181818181818,45.080000000000005,22.636363636363637,177.27272727272728
New_York,Woodlawn,11,55.28363636363636,62.56,44.0,98.27272727272727
New_York,Bergen Beach,10,98.164,88.32000000000001,20.5,138.2
New_York,Great Kills,10,92.55199999999999,76.36,26.4,148.6
New_York,Melrose,10,76.636,68.54,9.0,93.6
New_York,North Riverdale,10,73.508,59.800000000000004,18.2,166.0
New_York,Westchester Square,10,112.424,62.1,15.5,159.7
New_York,Castle Hill,9,57.96,35.88,13.11111111111111,159.33333333333334
New_York,East Morrisania,9,86.88888888888889,69.0,47.22222222222222,200.88888888888889
New_York,Port Richmond,9,82.90222222222222,46.0,17.0,191.0
New_York,Belle Harbor,8,157.78,142.6,9.25,186.625
New_York,Douglaston,8,76.13,59.8,20.875,205.625
New_York,Jamaica Hills,8,121.555,76.82,8.625,140.125
New_York,Manhattan Beach,8,95.22,103.03999999999999,50.625,205.625
New_York,Mariners Harbor,8,87.055,65.78,21.625,191.5
New_York,New Springville,8,69.92,57.96,29.375,65.25
New_York,South Beach,8,82.11,62.10000000000001,11.875,182.875
New_York,Baychester,7,69.39428571428572,69.0,44.285714285714285,157.85714285714286
New_York,Dongan Hills,7,73.07428571428571,64.4,22.571428571428573,157.28571428571428
New_York,Grymes Hill,7,146.4114285714286,115.0,10.571428571428571,141.57142857142858
New_York,Rosebank,7,102.90857142857143,92.0,30.714285714285715,175.14285714285714
New_York,Sea Gate,7,448.8285714285715,115.0,1.4285714285714286,65.57142857142857
New_York,Shore Acres,7,140.49714285714285,92.0,20.857142857142858,114.57142857142857
New_York,Tottenville,7,133.26857142857142,92.0,19.857142857142858,267.57142857142856
New_York,Unionport,7,126.17142857142858,82.8,14.857142857142858,244.0
New_York,Bay Terrace,6,130.64000000000001,130.18,41.5,222.5
New_York,Bull's Head,6,43.54666666666666,41.4,15.333333333333334,165.66666666666666
New_York,Grant City,6,53.05333333333334,60.720000000000006,26.833333333333332,240.33333333333334
New_York,Midland Beach,6,84.48666666666666,87.4,6.166666666666667,236.0
New_York,Mount Eden,6,53.81999999999999,41.86,70.0,136.16666666666666
New_York,Emerson Hill,5,62.74400000000001,71.76,11.2,80.8
New_York,Little Neck,5,69.184,46.0,3.8,81.2
New_York,New Brighton,5,93.656,50.6,40.2,142.6
New_York,New Dorp Beach,5,52.80800000000001,36.8,14.8,174.4
New_York,Oakwood,5,74.704,59.8,1.8,188.4
New_York,Arden Heights,4,61.870000000000005,66.7,7.75,94.25
New_York,Castleton Corners,4,128.57,98.9,25.25,188.75
New_York,Holliswood,4,124.89,103.5,3.75,169.5
New_York,Mill Basin,4,165.37,154.1,17.25,290.0
New_York,Olinville,4,58.88,48.760000000000005,7.5,172.5
New_York,Prince's Bay,4,376.74,139.38,5.75,110.5
New_York,Spuyten Duyvil,4,142.37,91.54,17.5,270.0
New_York,Todt Hill,4,155.48000000000002,90.62,4.0,89.0
New_York,Breezy Point,3,196.26666666666665,179.4,1.6666666666666667,100.33333333333333
New_York,Eltingville,3,130.33333333333334,64.4,76.0,193.0
New_York,Graniteville,3,63.17333333333334,65.32000000000001,41.0,163.0
New_York,Huguenot,3,108.86666666666667,92.0,55.666666666666664,208.0
New_York,Neponsit,3,252.69333333333336,252.08,15.333333333333334,231.0
New_York,"Bay Terrace, Staten Island",2,94.3,94.3,1.5,0.0
New_York,Co-op City,2,71.30000000000001,71.30000000000001,17.0,364.0
New_York,Howland Hook,2,92.0,92.0,20.5,225.5
New_York,Lighthouse Hill,2,144.9,144.9,39.0,215.5
New_York,Silver Lake,2,64.4,64.4,118.5,162.0
New_York,West Farms,2,112.24000000000001,112.24000000000001,3.5,244.5
New_York,Westerleigh,2,65.78,65.78,9.0,112.5
New_York,Fort Wadsworth,1,736.0,736.0,0.0,365.0
New_York,New Dorp,1,52.440000000000005,52.440000000000005,0.0,0.0
New_York,Richmondtown,1,71.76,71.76,79.0,300.0
New_York,Rossville,1,69.0,69.0,21.0,59.0
New_York,Willowbrook,1,229.08,229.08,9.0,351.0
New_York,Woodrow,1,644.0,644.0,0.0,0.0
Sydney,Sydney,9238,105.13541892184456,82.8,18.32301363931587,89.615176445118
Sydney,Waverley,5466,146.02371020856202,90.0,8.11068422978412,71.53476033662642
Sydney,Randwick,3346,112.91870890615661,72.0,7.603705917513449,75.32964734010758
Sydney,Manly,1799,168.1330739299611,118.2,8.73929961089494,83.91550861589772
Sydney,Warringah,1794,159.70066889632108,96.0,6.469899665551839,99.04570791527313
Sydney,Woollahra,1573,179.27565162110616,99.0,9.2453909726637,92.2199618563255
Sydney,North Sydney,1370,122.10919708029198,87.0,12.64963503649635,98.33941605839416
Sydney,Marrickville,1251,73.2052757793765,54.0,13.591526778577139,75.70423661071143
Sydney,Pittwater,1192,297.9588926174497,210.0,14.78020134228188,161.38506711409397
Sydney,Leichhardt,999,131.13513513513513,90.0,15.292292292292291,95.94194194194195
Sydney,Rockdale,727,75.64374140302614,54.0,13.874828060522695,104.77716643741402
Sydney,Botany Bay,600,70.94699999999999,49.2,11.86,104.325
Sydney,Ryde,575,66.58852173913044,50.4,9.194782608695652,119.22782608695653
Sydney,Mosman,534,229.9629213483146,119.4,8.92134831460674,112.82958801498127
Sydney,Parramatta,520,64.11576923076923,48.0,9.961538461538462,121.52692307692308
Sydney,Willoughby,500,111.4872,75.0,8.766,126.232
Sydney,Auburn,469,86.07377398720682,81.6,18.33262260127932,106.23454157782515
Sydney,Sutherland Shire,468,120.43589743589743,80.4,19.0982905982906,138.41666666666666
Sydney,Canada Bay,449,95.95055679287306,66.6,8.58129175946548,87.60801781737194
Sydney,Hornsby,391,89.9846547314578,54.0,13.820971867007673,156.20460358056266
Sydney,Canterbury,339,68.08495575221238,48.0,10.15929203539823,126.42477876106194
Sydney,Ku-Ring-Gai,339,95.88672566371682,65.39999999999999,9.651917404129794,125.21238938053098
Sydney,Ashfield,306,84.16862745098038,48.0,9.562091503267974,113.1078431372549
Sydney,Lane Cove,289,180.0643598615917,72.0,12.024221453287197,107.69204152249135
Sydney,The Hills Shire,260,94.6823076923077,50.4,11.253846153846155,185.26923076923077
Sydney,Burwood,249,57.36144578313253,47.4,8.61847389558233,97.95180722891567
Sydney,Blacktown,237,50.53417721518988,36.6,8.189873417721518,187.46835443037975
Sydney,Hurstville,195,73.04307692307692,47.4,7.841025641025641,150.15897435897435
Sydney,Bankstown,180,56.30666666666667,42.0,7.661111111111111,183.88888888888889
Sydney,City Of Kogarah,179,59.05474860335195,42.6,15.87709497206704,129.80446927374302
Sydney,Strathfield,171,61.62456140350877,45.6,9.538011695906432,118.52046783625731
Sydney,Penrith,132,91.88181818181818,72.0,16.757575757575758,204.00757575757575
Sydney,Holroyd,125,58.291199999999996,36.0,7.88,163.024
Sydney,Liverpool,116,75.38793103448276,58.8,10.560344827586206,229.47413793103448
Sydney,Campbelltown,101,79.37227722772278,50.4,8.673267326732674,226.5148514851485
Sydney,Fairfield,76,49.61842105263158,34.5,10.302631578947368,166.55263157894737
Sydney,Hunters Hill,69,163.11304347826086,90.0,11.840579710144928,114.05797101449275
Sydney,Camden,29,57.33103448275862,45.6,12.793103448275861,222.58620689655172
Tokyo,Shinjuku Ku,1882,94.93215621679064,72.306,28.497343251859725,
Tokyo,Taito Ku,1670,91.3756239520958,60.042,20.67125748502994,
Tokyo,Toshima Ku,1228,86.55708469055375,60.042,23.05456026058632,
Tokyo,Sumida Ku,876,81.68431506849316,72.306,26.63812785388128,
Tokyo,Shibuya Ku,854,121.61859484777517,86.19,40.976580796252925,
Tokyo,Ota Ku,598,66.17723076923076,47.772,20.160535117056856,
Tokyo,Minato Ku,551,92.93122323049002,72.306,25.250453720508165,
Tokyo,Chuo Ku,448,91.87264285714286,72.306,18.339285714285715,
Tokyo,Setagaya Ku,305,71.27716721311475,53.586,31.645901639344263,
Tokyo,Suginami Ku,299,68.15795317725753,45.192,35.103678929765884,
Tokyo,Nakano Ku,290,105.73061379310344,65.85,35.04827586206896,
Tokyo,Katsushika Ku,280,71.45963571428571,59.397000000000006,23.45357142857143,
Tokyo,Arakawa Ku,279,72.81963440860216,54.234,19.81362007168459,
Tokyo,Itabashi Ku,237,76.96377215189874,41.964,23.556962025316455,
Tokyo,Kita Ku,217,68.60698617511521,47.772,23.852534562211982,
Tokyo,Edogawa Ku,201,70.68916417910447,51.0,19.865671641791046,
Tokyo,Chiyoda Ku,198,245.54609090909088,74.892,16.53030303030303,
Tokyo,Adachi Ku,172,45.985116279069764,35.832,15.296511627906977,
Tokyo,Shinagawa Ku,170,85.41024705882353,60.042,34.8,
Tokyo,Koto Ku,152,72.69872368421052,56.166,30.388157894736842,
Tokyo,Bunkyo Ku,129,81.94190697674418,60.042,30.069767441860463,
Tokyo,Meguro Ku,84,82.23028571428571,63.915000000000006,46.976190476190474,
Tokyo,Nerima Ku,62,40.87083870967742,34.863,28.016129032258064,
Tokyo,Hachioji Shi,37,320.46583783783785,36.156,11.135135135135135,
Tokyo,Machida Shi,24,28.54125,25.824,30.291666666666668,
Tokyo,Oshima Machi,22,51.178636363636365,47.772,6.909090909090909,
Tokyo,Nishitokyo Shi,19,51.81821052631579,23.886,26.31578947368421,
Tokyo,Musashino Shi,18,53.154666666666664,52.293,27.72222222222222,
Tokyo,Hino Shi,16,24.733875,17.43,25.375,
Tokyo,Mitaka Shi,13,75.48646153846154,39.384,26.923076923076923,
Tokyo,Akiruno Shi,12,29.3745,27.114,32.25,
Tokyo,Higashimurayama Shi,12,38.898,29.052,33.5,
Tokyo,Chofu Shi,11,58.926545454545455,41.964,26.90909090909091,
Tokyo,Kokubunji Shi,9,28.908,27.114,28.77777777777778,
Tokyo,Kodaira Shi,8,29.37525,30.345,29.625,
Tokyo,Hachijo Machi,7,65.57571428571428,89.742,8.714285714285714,
Tokyo,Ome Shi,7,39.56657142857143,21.306,7.285714285714286,
Tokyo,Komae Shi,6,86.403,84.252,44.0,
Tokyo,Ogasawara Mura,6,41.425999999999995,38.736,3.1666666666666665,
Tokyo,Tachikawa Shi,6,55.843999999999994,47.772,3.3333333333333335,
Tokyo,Fussa Shi,5,36.0252,20.658,24.2,
Tokyo,Musashimurayama Shi,5,19.625999999999998,21.306,16.4,
Tokyo,Fuchu Shi,4,72.79350000000001,74.247,44.5,
Tokyo,Koganei Shi,4,43.578,43.578,64.0,
Tokyo,Tama Shi,4,34.056,28.407,51.25,
Tokyo,Akishima Shi,3,114.92,23.244,11.666666666666666,
Tokyo,Hamura Shi,3,37.446,36.156,1.3333333333333333,
Tokyo,Kunitachi Shi,3,23.886,23.886,0.3333333333333333,
Tokyo,Niijima Mura,3,60.042,60.042,16.0,
Tokyo,Okutama Machi,3,128.476,131.706,61.0,
Tokyo,Higashikurume Shi,2,25.5,25.5,0.0,
Tokyo,Hinohara Mura,2,164.95499999999998,164.95499999999998,17.5,
Tokyo,Inagi Shi,2,16.464,16.464,8.0,
Tokyo,Miyake Mura,2,90.063,90.063,0.0,
Tokyo,Higashiyamato Shi,1,18.078,18.078,70.0,
Tokyo,Kozushima Mura,1,54.234,54.234,1.0,
